{
  "average_clock_bound_km": {
    "all_non_reference": 0.05085353697809167,
    "satellite_non_reference": 0.03605551275463987,
    "ue": 0.05825254908981757
  },
  "average_ue_peb_km": 0.191316252822904,
  "clock_std_bounds_km": {
    "all_non_reference": [
      0.05533228931028827,
      0.061172808869346874,
      0.03605551275463987
    ],
    "satellite_non_reference": [
      0.03605551275463987
    ],
    "ue": [
      0.05533228931028827,
      0.061172808869346874
    ]
  },
  "covariance_condition_number": 6.246373505026388e+16,
  "covariance_method": "pinv",
  "covariance_rank": 5,
  "diagnostic_type": "non_final_v24_full_gauged_crlb_smoke",
  "expected_parameter_dim": 9,
  "fim_min_eigenvalue": -6.596718378027281e-13,
  "fim_rank": 5,
  "fim_shape": [
    9,
    9
  ],
  "measurement_count": 5,
  "num_satellites": 2,
  "num_users": 2,
  "output_note": "diagnostic/non-final; bounds are extracted from the full gauged covariance",
  "parameter_dim": 9,
  "per_user_peb_km": [
    0.11371376697860161,
    0.26891873866720634
  ],
  "reference_clock_column_present": false,
  "reference_clock_convention": "first satellite node Nu+1 fixed at zero",
  "scenario_name": "tiny_v24_package_smoke",
  "schema_version": 1,
  "seed": 20260606,
  "used_reference_satellite_node_id": 3
}
